<?xml version="1.0" encoding="UTF-8"?>
<beans xmlns="http://www.springframework.org/schema/beans"
	xmlns:xsi="http://www.w3.org/2001/XMLSchema-instance"
	xmlns:context="http://www.springframework.org/schema/context"
	xsi:schemaLocation="http://www.springframework.org/schema/beans https://www.springframework.org/schema/beans/spring-beans.xsd
		http://www.springframework.org/schema/context http://www.springframework.org/schema/context/spring-context-4.3.xsd">
	
	<!-- Root Context: defines shared resources visible to all other web components -->
	
	<context:property-placeholder location="classpath:/config/db.properties"/>
	
	
	<bean id="dataSource" class="org.apache.commons.dbcp2.BasicDataSource" 
		destroy-method="close">
		<property name="driverClassName" value="${db.driverClassName}"/>
		<property name="url" value="${db.url}"/>
		<property name="username" value="${db.username}"/>
		<property name="password" value="${db.password}"/>
		<property name="defaultAutoCommit" value="${db.defaultAutoCommit}"/>
	</bean>
	
	
	
</beans>
