<?xml version="1.0" encoding="UTF-8"?>
<!DOCTYPE tiles-definitions PUBLIC
       "-//Apache Software Foundation//DTD Tiles Configuration 3.0//EN"
       "http://tiles.apache.org/dtds/tiles-config_3_0.dtd">
<!-- <tiles-definitions>
  <definition name="myapp.homepage" template="/layouts/classic.jsp">
    <put-attribute name="title" value="Tiles tutorial homepage" />
    <put-attribute name="header" value="/tiles/banner.jsp" />
    <put-attribute name="menu" value="/tiles/common_menu.jsp" />
    <put-attribute name="body" value="/tiles/home_body.jsp" />
    <put-attribute name="footer" value="/tiles/credits.jsp" />
  </definition>
</tiles-definitions> -->

<!-- <tiles-definitions>
  <definition name="tiles.basic" template="/WEB-INF/spring/tiles/lay/basicLayout.jsp">
    <put-attribute name="header" value="/WEB-INF/spring/tiles/part/header.jsp" />
    <put-attribute name="footer" value="/WEB-INF/spring/tiles/part/footer.jsp" />
  </definition>
</tiles-definitions> -->


<!-- <tiles-definitions>
  <definition name="free.freeList" template="/WEB-INF/views/free/tiles/freeLayout.jsp">
    <put-attribute name="header" value="/WEB-INF/spring/tiles/part/header.jsp" />
    <put-attribute name="body" value="/WEB-INF/views/free/tiles/freeList.jsp" />
    <put-attribute name="footer" value="/WEB-INF/spring/tiles/part/footer.jsp" />
  </definition>
</tiles-definitions> -->


<tiles-definitions>
  <definition name="free.*" template="/WEB-INF/views/free/tiles/freeLayout.jsp">
    <put-attribute name="header" value="/WEB-INF/spring/tiles/part/header.jsp" />
    <put-attribute name="body" value="/WEB-INF/views/free/tiles/{1}.jsp" />
    <put-attribute name="footer" value="/WEB-INF/spring/tiles/part/footer.jsp" />
  </definition>
  
  <definition name="member.*" template="/WEB-INF/views/member/tiles/memberLayout.jsp">
	<put-attribute name="header" value="/WEB-INF/spring/tiles/part/header.jsp" />
	<put-attribute name="body" value="/WEB-INF/views/member/tiles/{1}.jsp" />
	<put-attribute name="footer" value="/WEB-INF/spring/tiles/part/footer.jsp" />
  </definition>
  
</tiles-definitions>