<?xml version="1.0" encoding="UTF-8" ?>
<!DOCTYPE mapper
  PUBLIC "-//mybatis.org//DTD Mapper 3.0//EN"
  "https://mybatis.org/dtd/mybatis-3-mapper.dtd">
  
<mapper namespace="kr.or.nextit.member.mapper.IMemberMapper">


<sql id="memberSearch">
	<if test="searchWord != null and searchWord !=''">
		<choose>
			<when test='searchType=="NM"'>
				and mem_name like '%' || #{searchWord} || '%'	
			</when>	 			
			<when test='searchType=="ID"'>
				and mem_id like '%' || #{searchWord} || '%'
			</when>	 			
			<when test='searchType=="HP"'>
				and mem_hp like '%' || #{searchWord} || '%'
			</when>	 			
		</choose>
	</if>

	<if test="searchJob != null and searchJob !=''">
		and mem_job = #{searchJob}
	</if>
	<if test="searchHobby != null and searchHobby !=''">
		and mem_hobby = #{searchHobby}
	</if>
</sql>

 
<select id="getMember" parameterType="string" 
	resultType="MemberVO"	>
		
		 SELECT 		          
	       mem_id         
	       ,mem_pass      
	       ,mem_name      
	       ,mem_bir       
	       ,mem_zip       
	       ,mem_add1      
	       ,mem_add2      
	       ,mem_hp        
	       ,mem_mail      
	       ,mem_job       
	       ,mem_hobby     
	       ,mem_mileage   
	       ,mem_del_yn    
	       ,mem_join_date 
	       ,mem_edit_date 
		FROM member           
		WHERE mem_id = #{memId}      
</select> 


<insert id="insertMember" parameterType="MemberVO">
	insert into member( 			 				 
		 mem_id   		, mem_pass			, mem_name       
	   , mem_bir  	, mem_zip			, mem_add1       
	   , mem_add2 	, mem_hp			, mem_mail       
	   , mem_job  	, mem_hobby		, mem_mileage  	 
	   , mem_del_yn , mem_join_date 	, mem_edit_date  
	)values(										 
		#{memId}		, #{memPass}		, #{memName}				 
		, #{memBir}	, #{memZip}		, #{memAdd1}	             
		, #{memAdd2}	, #{memHp}			, #{memMail}	             
		, #{memJob}	, #{memHobby}		, 0  			 
		, 'N'           , sysdate   	, sysdate		 
	)	
</insert>

<insert id="insertUserRole" parameterType="MemberVO">
	insert into member_role( 
		user_id
		,user_role 
		,user_role_nm 
	) values ( 
		#{memId}
		,'ME'
		,'MEMBER' 
	)
</insert>


<select id="loginCheck" parameterType="MemberVO"
	resultType="MemberVO">
	SELECT   											 	
		 mem_id   	, mem_pass			, mem_name       	
		, mem_bir  	, mem_zip			, mem_add1       	
		, mem_add2 	, mem_hp			, mem_mail       	
		, mem_job  	, mem_hobby			, mem_mileage  	 	
		, mem_del_yn , mem_join_date 	, mem_edit_date 	
	FROM MEMBER     										
	WHERE mem_id = #{memId}     									
	AND mem_pass = #{memPass}								
	AND mem_del_yn = 'N'  
</select>  



<select id="getUserRole" parameterType="MemberVO"
	resultType="UserRoleVO">
	select 							
		user_id	 					
		,user_role					
		,user_role_nm				
	from member_role				
	where user_id = #{memId}
	
</select>


<update id="updateMember" parameterType="MemberVO">
	update member set  	   	     	
	  mem_pass		 	=	#{memPassNew}  	   		
	  ,mem_name		=	#{memName}      	     	
	  ,mem_bir		 	=	#{memBir}      		
	  ,mem_zip		 	=	#{memZip}      		
	  ,mem_add1		=	#{memAdd1}      	     	
	  ,mem_add2		=	#{memAdd2}      	     	
	  ,mem_hp		 	=	#{memHp}      		
	  ,mem_mail		=	#{memMail}      	     	
	  ,mem_job		 	=	#{memJob}		   
	  ,mem_hobby	 	=	#{memHobby}  		   
	  ,mem_mileage	=	#{memMileage}  		   
	  ,mem_edit_date = sysdate
	where mem_id = #{memId}  
</update>

<update id="deleteMember" parameterType="MemberVO">
	update member set
		mem_del_yn = 'Y'
	where mem_id = #{memId}
</update>


<select id="getTotalRowCount" 
	parameterType="MemberSearchVO"
	resultType="int">
	
	select 
		count(*)
	from member
	where 
		mem_del_yn = 'N'
	<!-- <if test="searchWord != null and searchWord !=''">
		<choose>
			<when test='searchType=="NM"'>
				and mem_name like '%' || #{searchWord} || '%'	
			</when>	 			
			<when test='searchType=="ID"'>
				and mem_id like '%' || #{searchWord} || '%'
			</when>	 			
			<when test='searchType=="HP"'>
				and mem_hp like '%' || #{searchWord} || '%'
			</when>	 			
		</choose>
	</if>
	<if test="searchJob != null and searchJob !=''">
		and mem_job = #{searchJob}
	</if>
	<if test="searchHobby != null and searchHobby !=''">
		and mem_hobby = #{searchHobby}
	</if>  -->	
	
	<include refid="memberSearch"></include>
	
</select>


<select id="getMemberList" 
	parameterType="MemberSearchVO"
	resultType="MemberVO">
	select														
	    c.*                                                     
	from(                                                       
	    select                                                  
	          rownum as rnum                                    
	          , b.*                                             
	    from (   	 				                            
	              SELECT                                        
	                  mem_id                                    
	                  <!-- ,mem_pass            -->                      
	                  ,mem_name                                 
	                  ,to_char(mem_bir,'YYYY-MM-DD') AS mem_bir 
	                  ,mem_zip                                  
	                  ,mem_add1                                 
	                  ,mem_add2                                 
	                  ,mem_hp                                   
	                  ,mem_mail     		                    
	                  ,mem_job                                  
	                  ,mem_hobby                                
	                  ,mem_mileage   	                        
	                  ,mem_del_yn                               
	                  ,mem_join_date                            
	                  ,mem_edit_date                            
	                  FROM member a                             
	              WHERE a.mem_del_yn='N'
				  
				<!-- <if test="searchWord != null and searchWord !=''">
					<choose>
						<when test='searchType=="NM"'>
							and mem_name like '%' || #{searchWord} || '%'	
						</when>	 			
						<when test='searchType=="ID"'>
							and mem_id like '%' || #{searchWord} || '%'
						</when>	 			
						<when test='searchType=="HP"'>
							and mem_hp like '%' || #{searchWord} || '%'
						</when>	 			
					</choose>
				</if>

				<if test="searchJob != null and searchJob !=''">
					and mem_job = #{searchJob}
				</if>
				<if test="searchHobby != null and searchHobby !=''">
					and mem_hobby = #{searchHobby}
				</if> 	 -->
				
			<include refid="memberSearch"></include>	
				
		   order by mem_join_date )b                
	order by rnum desc )c
	
	<!-- where rnum between #{lastRow} and #{firstRow} --> 
	<include refid="common.sql.rnum"></include>
	
	
</select>


<select id="getRoleInfo" resultType="RoleInfoVO">
	select						
		role_code          		
		,role_eng          		
		,role_kor				
	from role_info		
</select >

<delete id="deleteUserRole" parameterType="string">
	delete						
	from member_role		 
	where user_id = #{memId}

</delete>
	
<insert id="insertMultiRole" parameterType="string">

	insert into member_role(									
	 	user_id 				                                
	 	,user_role				                                
	 	,user_role_nm 			                                
	) values ( 					                                
	 	#{memId}						                                
	 	,#{role}						                                
	 	,(select role_eng from role_info where role_code =#{role} ) 	
	)

</insert>	
	





</mapper>