<?xml version="1.0" encoding="UTF-8"?>
<beans xmlns="http://www.springframework.org/schema/beans"
	xmlns:xsi="http://www.w3.org/2001/XMLSchema-instance"
	xmlns:p="http://www.springframework.org/schema/p"
	xsi:schemaLocation="http://www.springframework.org/schema/beans http://www.springframework.org/schema/beans/spring-beans.xsd">

	
	<bean id="driver" class="di.step3.dao.OracleDriver"></bean>
	<!-- <bean id="driver" class="di.step3.dao.MysqlDriver"></bean> -->
	
	<!-- <bean id="free" class="di.step3.service.FreeBoardService">
		<property name="driver" ref="driver"></property> set으로 처리 했던거를 이렇게 처리함 ref 는 bean id 의 드라이버임 // 같은 driver가 아님
		<property name="examScore" value="61"></property>
	</bean> -->
	<bean id="free" class="di.step3.service.FreeBoardService" p:driver-ref="driver" p:examScore="30"/>
	
	
	


</beans>
