<?xml version="1.0" encoding="UTF-8" ?>
<!DOCTYPE configuration
  PUBLIC "-//mybatis.org//DTD Config 3.0//EN"
  "https://mybatis.org/dtd/mybatis-3-config.dtd">
<configuration>

	<!-- mybatis를 이용하여 VO에 리턴값을 받을때 카멜케이스 적용 ( bo_no -> boNo ) -->
	<settings>
		<setting name="mapUnderscoreToCamelCase" value="true"/>
	</settings>

  <environments default="development">
    <environment id="development">
      <transactionManager type="JDBC"/>
      <dataSource type="POOLED">
        <property name="driver" value="oracle.jdbc.driver.OracleDriver"/>
        <property name="url" value="jdbc:oracle:thin:@127.0.0.1:1521:xe"/>
        <property name="username" value="jsp"/>
        <property name="password" value="oracle"/>
      </dataSource>
    </environment>
  </environments>
  <mappers>
     <mapper resource="mybatis/mapper/code.xml"/>
     <mapper resource="mybatis/mapper/member.xml"/>
     <mapper resource="mybatis/mapper/common.xml"/>
     <mapper resource="mybatis/mapper/freeBoard.xml"/>
  </mappers>
</configuration>