<?xml version="1.0" encoding="UTF-8"?>
<!DOCTYPE mapper
  PUBLIC "-//mybatis.org//DTD Mapper 3.0//EN"
  "https://mybatis.org/dtd/mybatis-3-mapper.dtd">
<mapper namespace="kr.or.nextit.member.dao.IMemberDao">
  <select id="getMember" parameterType="String" resultType="kr.or.nextit.member.vo.MemberVO">
     SELECT 		          
        mem_id         
        ,mem_pass      
        ,mem_name      
        ,mem_bir       
        ,mem_zip       
        ,mem_add1      
        ,mem_add2      
        ,mem_hp        
        ,mem_mail      
        ,mem_job       
        ,mem_hobby     
        ,mem_mileage   
        ,mem_del_yn    
        ,mem_join_date 
        ,mem_edit_date 
	 FROM member           
	 WHERE mem_id = #{memId}      
  </select>
  
  <insert id="insertMember" parameterType="kr.or.nextit.member.vo.MemberVO">
  	insert into member( 			 				 
	 mem_id   	, mem_pass		, mem_name       
   , mem_bir  	, mem_zip		, mem_add1       
   , mem_add2 	, mem_hp		, mem_mail       
   , mem_job  	, mem_hobby		, mem_mileage  	 
   , mem_del_yn , mem_join_date , mem_edit_date  
	)values(										 
	#{memId}		, #{memPass}	, #{memName}				 
	, #{memBir}		, #{memZip}		, #{memAdd1}	             
	, #{memAdd2}	, #{memHp}		, #{memMail}	             
	, #{memJob}		, #{memHobby}	, 0  			 
	, 'N'           , sysdate   	, sysdate		 
	)													   
  </insert>
  <insert id="insertUserRole" parameterType="kr.or.nextit.member.vo.MemberVO">
	  insert into member_role( 
		user_id
		,user_role 
		,user_role_nm 
	) values ( 
		#{memId}
		,'ME'
		,'MEMBER' 
	)
  
  </insert>
  
  <select id="loginCheck" parameterType="kr.or.nextit.member.vo.MemberVO" resultType="kr.or.nextit.member.vo.MemberVO">
   SELECT   											 	
		 mem_id   	, mem_pass			, mem_name       	
		, mem_bir  	, mem_zip			, mem_add1       	
		, mem_add2 	, mem_hp			, mem_mail       	
		, mem_job  	, mem_hobby			, mem_mileage  	 	
		, mem_del_yn , mem_join_date 	, mem_edit_date 	
	FROM MEMBER     										
	WHERE mem_id = #{memId}     									
	AND mem_pass = #{memPass}								
	AND mem_del_yn = 'N'  
  
  </select>
  
  <select id="getUserRole" parameterType="kr.or.nextit.member.vo.MemberVO" resultType="kr.or.nextit.common.vo.UserRoleVO">
  select 							
	user_id	 					
	,user_role					
	,user_role_nm				
	from member_role				
	where user_id = #{memId}
  
  </select>
  
  
  
  
</mapper>