<?xml version="1.0" encoding="UTF-8"?>
<beans xmlns="http://www.springframework.org/schema/beans"
	xmlns:xsi="http://www.w3.org/2001/XMLSchema-instance"
	xmlns:context="http://www.springframework.org/schema/context"
	xmlns:mybatis-spring="http://mybatis.org/schema/mybatis-spring"
	xmlns:util="http://www.springframework.org/schema/util"
	xmlns:security="http://www.springframework.org/schema/security"
	xsi:schemaLocation="http://www.springframework.org/schema/security http://www.springframework.org/schema/security/spring-security-5.3.xsd
		http://mybatis.org/schema/mybatis-spring http://mybatis.org/schema/mybatis-spring-1.2.xsd
		http://www.springframework.org/schema/beans https://www.springframework.org/schema/beans/spring-beans.xsd
		http://www.springframework.org/schema/context http://www.springframework.org/schema/context/spring-context-4.3.xsd
		http://www.springframework.org/schema/util http://www.springframework.org/schema/util/spring-util-4.3.xsd">
	
	<!-- Root Context: defines shared resources visible to all other web components -->
	 
	<bean id="passwordEncoder" class="org.springframework.security.crypto.bcrypt.BCryptPasswordEncoder"></bean>	 
	
	
	<!--security="none"을 사용하여 제외하고자 하는 패턴 -->	
   <!-- <security:http pattern="/images/**" security="none"/>
	<security:http pattern="/css/**" security="none"/>
	<security:http pattern="/member/memberRegister" security="none"/>
	<security:http pattern="/member/profilePhoto" security="none"/> -->	

	<!--해당 패턴에 대한 권한 체크  -->
   <!--  <security:http>
        <security:intercept-url pattern="/member/**" access="hasRole('ROLE_ADMIN')" />
		<security:intercept-url pattern="/free/**" access="hasAnyRole('ROLE_MANAGER', 'ROLE_ADMIN')" />
		<security:intercept-url pattern="/home" access="hasAnyRole('ROLE_USER','ROLE_MANAGER','ROLE_ADMIN')" />
		<security:intercept-url pattern="/**" access="permitAll" />
        <security:form-login />
        <security:logout />
        <security:access-denied-handler error-page="/common/error/error403.jsp"/>
    </security:http> -->
    
    <!--사용자권한설정  -->
    <!-- <security:authentication-manager>
        <security:authentication-provider>
            <security:user-service>
              <security:user name="nextit11" password="$2a$10$rq/PHHonTmDjAE2ke3NweuOh25WoxiwXS9IlhsTpx9UqmFIjdBWqa" authorities="ROLE_USER" />
				<security:user name="nextit12" password="$2a$10$rq/PHHonTmDjAE2ke3NweuOh25WoxiwXS9IlhsTpx9UqmFIjdBWqa" authorities="ROLE_USER, ROLE_MANAGER"/>
				<security:user name="nextit13" password="$2a$10$rq/PHHonTmDjAE2ke3NweuOh25WoxiwXS9IlhsTpx9UqmFIjdBWqa" authorities="ROLE_USER, ROLE_MANAGER, ROLE_ADMIN" />
            </security:user-service>
			<security:password-encoder ref="passwordEncoder" />
        </security:authentication-provider>
    </security:authentication-manager> -->

 <!--
	- 제외하고자 하는 url은 security="none"을 사용하여 필터에 검색되는것을 제외할수 있다.
	- hasAnyRole()은 설정된 권한에서 어느 권한이라도 있으면 패스된다.
	- hasRole()은 해당 권한이 있어야 한다.
		hasRole("ADMIN") 이라고 작성시 userDetailsService 에서 Authority 를 가져와서 확인할 때 
			자동으로 ROLE 이라는 접두어를 붙어서 확인한다.
			 
	- permitAll은 해당 패턴에 대해서 모두 허용한다.
	- 패턴은 위에서 부터 아래로 적용되어진다.
	- security:form-login 태그에 아무런 설정이 없으면 
		스프링이 제공하는 로그인 페이지를 사용하게된다
	- security:logout는 스프링이 제공하는 
		로그아웃을 사용하게 된다.
	- access-denied-handler 권한이 없는 사용자로부터 
		요청이 들어왔을때 error-page를 설정할 수 있다. 
-->
	<bean id="customUserDetailsService" class="kr.or.nextit.common.security.CustomUserDetailsService"></bean>

<security:http pattern="/images/**" security="none"/>
<security:http pattern="/css/**" security="none"/>
<security:http pattern="/member/memberRegister" security="none"/>
<security:http pattern="/member/profilePhoto" security="none"/>

<security:http>
	<security:intercept-url pattern="/member/memberRole" access="hasAuthority('AD')" />
	<security:intercept-url pattern="/member/memberRoleUpdate" access="hasAuthority('AD')" />
	<security:intercept-url pattern="/member/memberList" access="hasAnyAuthority('EM','DI','PR','AD')" />
	<security:intercept-url pattern="/member/memberMultiDelete" access="hasAnyAuthority('DI','PR','AD')" />
	<security:intercept-url pattern="/member/**" access="hasAuthority('ME')" />
	<security:intercept-url pattern="/free/**" access="hasAnyAuthority('ST','AM','MA','SM','EM','DI','PR','AD')" />
	<security:intercept-url pattern="/home" access="hasAuthority('ME')" /> 
	<security:intercept-url pattern="/**" access="permitAll" />
	
	<security:form-login
		login-page="/login"
		login-processing-url="/login/loginCheck"
		default-target-url="/home"
		username-parameter="memId"
		password-parameter="memPass"
		authentication-failure-url="/login/fail"
	/>
	<security:logout 
		logout-url="/logout" 
		logout-success-url="/login" 
		delete-cookies="JSESSIONID"	
	/>
	<security:csrf disabled="true" />
</security:http>

<security:authentication-manager>
	<security:authentication-provider user-service-ref="customUserDetailsService">
		<security:password-encoder ref="passwordEncoder" />			
	</security:authentication-provider>
</security:authentication-manager>

<!--참고
	hasAuthority() or hasAnyAuthority() : 특정 권한을 가지는 사용자만 접근할 수 있다.
	login-page="/login"
		-> 시큐리티에서 제공하는 로그인 페이지가 아닌 플젝에서 사용하는 로그인 페이지로 설정
	login-processing-url="/login/loginCheck" 
		-> /login/loginCheck 요청이 발생하면 스프링시큐리티가 해당 요청을 가로채서 수행함   
			(즉, /login/loginCheck 요청은 실행되지 않음)
	default-target-url="/home"
		-> 사용자가 로그인 성공시 기본적으로 요청되는 url
	username-parameter="memId"
		-> 사용자 아이디 전달되는 값은 로그인 폼에서 지정한 memId
	password-parameter="memPass"
		-> 사용자 패스워드 전달되는 값은 로그인 폼에서 지정한 memPass
	authentication-failure-url="/login/fail"
		-> 사용자가 로그인 실패시 요청되어지는 url		
	logout-url="/logout" 
		-> 로그아웃 처리될 url	
	logout-success-url="/login" 
		-> 로그아웃 성공하면 리다이렉트 될 url
	delete-cookies="JSESSIONID"	
		-> 로그아웃 성공하면 JSESSIONID 쿠키제거
		
	<security:csrf disabled="true" />
		-> 	csrf 사용하지 않음을 나타내는 옵션(사용하는것을 권장하지만 수업에서는 사용하지 않음)
	
	user-service-ref
		-> 사용자 인증을 커스텀하여 처리 하고자할때 해당 커스텀 빈 등록	 
-->
	
	
	
	
	
	
	
	
	
</beans>
